<?xml version="1.0" encoding="UTF-8"?>
<suppressions xmlns="https://jeremylong.github.io/DependencyCheck/dependency-suppression.1.2.xsd">

    <!-- Suppress Spring Data REST CVEs -->
    <suppress>
        <notes><![CDATA[Suppress Spring Data REST known CVEs]]></notes>
        <cpe>cpe:2.3:a:vmware:spring_data_rest</cpe>
    </suppress>

    <!-- Suppress Jackson databind specific CVE -->
    <suppress>
        <notes><![CDATA[Jackson databind known false positive]]></notes>
        <cve>CVE-2020-36518</cve>
    </suppress>

    <!-- Suppress Logback vulnerability -->
    <suppress>
        <notes><![CDATA[Suppress Logback classic CVEs due to known context]]></notes>
        <cpe>cpe:2.3:a:qos:logback</cpe>
    </suppress>

    <!-- Suppress accessors-smart-1.2.jar -->
    <suppress>
        <notes><![CDATA[
        file name: accessors-smart-1.2.jar
        ]]></notes>
        <gav>net.minidev:accessors-smart</gav>
        <cpe>cpe:/a:json-smart_project:json-smart</cpe>
    </suppress>

</suppressions>
